case/breach,defendant's_name,hearing_date,result,fine Â£,act_or_regulation,cytora_ingest_ts,page_id
45973410/01,NMC Surfacing Limited,14/05/2021,Guilty-Fine,"350,000.00",Construction (Design and Management) Regulations 2015 / 13 / 1,2022-05-23 16:38:23.836305,1
45973420/01,Fraden Contracts Limited,14/05/2021,Guilty-Fine,"14,000.00",Construction (Design and Management) Regulations 2015 / 15 / 2,2022-05-23 16:38:23.836305,1
46135780/01,AR Haulage Limited,12/05/2021,Guilty-Fine,"26,250.00",Health and Safety At Work Act 1974 / 2 /,2022-05-23 16:38:23.836305,1
46660100/01,Barrowbridge Construction Ltd,12/05/2021,Guilty-Fine,600.00,Construction (Design and Management) Regulations 2015 / 20 / 1,2022-05-23 16:38:23.836305,1
46350940/01,Accoil Paper Recycling Limited,11/05/2021,Guilty-Fine,"75,000.00",Health and Safety At Work Act 1974 / 2 / 1,2022-05-23 16:38:23.836305,1
46256640/01,D P M Industrial Roofing (UK) Ltd,10/05/2021,Guilty-Fine,"10,000.00",Health and Safety At Work Act 1974 / 2 / 1,2022-05-23 16:38:23.836305,1
46454920/01,Alfaplas Limited,10/05/2021,Guilty-Fine,"75,000.00",Management of Health & Safety at Work Regulations 1999 / 3 / 1,2022-05-23 16:38:23.836305,1
46454920/02,Alfaplas Limited,10/05/2021,Guilty-Fine,"75,000.00",Provision and Use of Work Equip Regs 1998 / 11 / 1,2022-05-23 16:38:23.836305,1
46118850/01,Fabrikat (Nottingham) Limited,07/05/2021,Guilty-Fine,"80,000.00",Provision and Use of Work Equip Regs 1998 / 5 / 1,2022-05-23 16:38:23.836305,1
45507240/01,Ineos Chemicals Grangemouth Limited,04/05/2021,Guilty-Fine,"400,000.00",Control of Major Accident Hazards Regulations 2015 / 5 /,2022-05-23 16:38:23.836305,1
46387650/01,Aster Healthcare Ltd,28/04/2021,Guilty-Fine,"1,040,000.00",Corp Manslaughter & Corp Homicide 2007 / 1 / 1,2022-05-23 16:38:24.210634,2
46692280/01,Ron Richardson Construction Limited,28/04/2021,Guilty-Fine,"18,000.00",Work at Height Regulations 2005 / 4 / 1,2022-05-23 16:38:24.210634,2
44732590/06,Esseco UK Limited,27/04/2021,Guilty-Fine,"140,000.00",Work at Height Regulations 2005 / 6 / 3,2022-05-23 16:38:24.210634,2
45839470/02,Esseco UK Limited,27/04/2021,Guilty-Fine,"90,000.00",Control of Major Accident Hazards Regulations 1999 / 4 /,2022-05-23 16:38:24.210634,2
45961590/01,G4S Care and Justice Services (UK) Limited,27/04/2021,Guilty-Fine,"250,000.00",Health and Safety At Work Act 1974 / 2 / 1,2022-05-23 16:38:24.210634,2
45976610/01,Enviraz (Scotland) Limited,27/04/2021,Guilty-Fine,"161,250.00",Health and Safety At Work Act 1974 / 2 /,2022-05-23 16:38:24.210634,2
46213790/02,Port of Sheerness Limited,27/04/2021,Guilty-Fine,"60,000.00",Health and Safety At Work Act 1974 / 2 /,2022-05-23 16:38:24.210634,2
46358650/01,Arnold Laver & Company Limited,27/04/2021,Guilty-Fine,"150,000.00",Health and Safety At Work Act 1974 / 2 / 1,2022-05-23 16:38:24.210634,2
45275960/01,Grundon Waste Management Limited,26/04/2021,Guilty-Fine,"550,000.00",Health and Safety At Work Act 1974 / 3 / 1,2022-05-23 16:38:24.210634,2
46160450/01,ASAI Construction Ltd,23/04/2021,Guilty-Fine,"30,000.00",Health and Safety At Work Act 1974 / 3 / 1,2022-05-23 16:38:24.210634,2
46111450/01,Greenway Partnership Limited,20/04/2021,Guilty-Fine,"21,319.00",Work at Height Regulations 2005 / 4 / 1,2022-05-23 16:38:24.482668,3
46036990/01,Amber Industries Ltd,16/04/2021,Guilty-Fine,"52,500.00",Health and Safety At Work Act 1974 / 2 / 1,2022-05-23 16:38:24.482668,3
46199430/01,Stonehill MOT Centre Limited,16/04/2021,Guilty-Fine,"80,000.00",Health and Safety At Work Act 1974 / 6 /,2022-05-23 16:38:24.482668,3
46587050/01,Garage Doors (Northern) Limited,14/04/2021,Guilty-Fine,"5,000.00",Control of Asbestos Regulations 2012 / 6 / 1,2022-05-23 16:38:24.482668,3
46587050/02,Garage Doors (Northern) Limited,14/04/2021,Guilty-Fine,"5,000.00",Health and Safety At Work Act 1974 / 3 / 1,2022-05-23 16:38:24.482668,3
46703010/01,UK National Limited,14/04/2021,Guilty-Fine,"6,500.00",Work at Height Regulations 2005 / 6 / 3,2022-05-23 16:38:24.482668,3
46428710/01,Skillbeech Services Limited,13/04/2021,Guilty-Fine,"32,000.00",Health and Safety At Work Act 1974 / 2 / 1,2022-05-23 16:38:24.482668,3
46210880/02,Northwest Plumbing Supplier Ltd,09/04/2021,Guilty-Fine,"75,000.00",Construction (Design and Management) Regulations 2015 / 13 / 1,2022-05-23 16:38:24.482668,3
46266530/01,Bradley Demolition Limited,09/04/2021,Guilty-Fine,"200,000.00",Health and Safety At Work Act 1974 / 2 / 1,2022-05-23 16:38:24.482668,3
46346290/01,Mr Mezzanine Limited,09/04/2021,Guilty-Fine,"16,000.00",Work at Height Regulations 2005 / 4 / 1,2022-05-23 16:38:24.482668,3
45698290/02,London & Essex Property Partnership Ltd,08/04/2021,Guilty-Fine,"10,000.00",Construction (Design and Management) Regulations 2015 / 4 / 3,2022-05-23 16:38:24.812697,4
45698290/03,London & Essex Property Partnership Ltd,08/04/2021,Guilty-Fine,"10,000.00",Construction (Design and Management) Regulations 2015 / 4 /,2022-05-23 16:38:24.812697,4
46211770/03,Fabrications R US Limited,08/04/2021,Guilty-Fine,"32,000.00",Health and Safety At Work Act 1974 / 33 /,2022-05-23 16:38:24.812697,4
45958550/01,Anderson Hydraulics (Doncaster) Ltd,01/04/2021,Guilty-Fine,"30,000.00",Health and Safety At Work Act 1974 / 2 / 1,2022-05-23 16:38:24.812697,4
45080190/01,Enterprise Managed Services Limited,31/03/2021,Guilty-Fine,"1,020,000.00",Health and Safety At Work Act 1974 / 2 / 1,2022-05-23 16:38:24.812697,4
46394630/01,J F Wright Limited,30/03/2021,Guilty-Fine,"50,000.00",Work at Height Regulations 2005 / 4 / 1,2022-05-23 16:38:24.812697,4
46394630/02,J F Wright Limited,30/03/2021,Guilty-Fine,"14,000.00",Lifting Operations and Lifting Equipment Regulations 1998 / 8 / 1,2022-05-23 16:38:24.812697,4
46217390/01,Cutler Bros. Ltd.,29/03/2021,Guilty-Fine,"5,000.00",Work at Height Regulations 2005 / 9 / 2,2022-05-23 16:38:24.812697,4
45742380/01,Auberne Homes Ltd,28/03/2021,Guilty-Fine,"35,000.00",Construction (Design and Management) Regulations 2015 / 13 /,2022-05-23 16:38:24.812697,4
46262160/03,Arnaouti Pitta Bread Bakery Limited,25/03/2021,Guilty-Fine,"66,000.00",Electricity at Work / 4 / 2,2022-05-23 16:38:24.812697,4
46250280/01,GP Motor Works Limited,19/03/2021,Guilty-Fine,"10,000.00",Health and Safety At Work Act 1974 / 2 / 1,2022-05-23 16:38:25.103444,5
45792980/01,Siemens Gamesa Renewable Energy Limited,17/03/2021,Guilty-Fine,"533,334.00",Work at Height Regulations 2005 / 6 / 3,2022-05-23 16:38:25.103444,5
46184790/01,Drayton Manor Park Limited,17/03/2021,Guilty-Fine,"1,000,000.00",Health and Safety At Work Act 1974 / 3 / 1,2022-05-23 16:38:25.103444,5
46303530/01,Dere Street Homes Limited,17/03/2021,Guilty-Fine,"38,000.00",Construction (Design and Management) Regulations 2015 / 13 / 1,2022-05-23 16:38:25.103444,5
46303650/01,SGS Construction & Design Limited,17/03/2021,Guilty-Fine,"8,000.00",Construction (Design and Management) Regulations 2015 / 15 / 2,2022-05-23 16:38:25.103444,5
45598170/01,Ruislip Plant Ltd,15/03/2021,Guilty-Fine,"99,000.00",Health and Safety At Work Act 1974 / 3 / 1,2022-05-23 16:38:25.103444,5
46330250/01,Eurac Poole Limited,15/03/2021,Guilty-Fine,"10,000.00",Health and Safety At Work Act 1974 / 2 / 1,2022-05-23 16:38:25.103444,5
46045400/01,Nasmyth Technologies Limited,11/03/2021,Guilty-Fine,"13,000.00",Health and Safety At Work Act 1974 / 2 / 1,2022-05-23 16:38:25.103444,5
46362720/01,Walden Builders Limited,11/03/2021,Guilty-Fine,"42,000.00",Health and Safety At Work Act 1974 / 2 / 1,2022-05-23 16:38:25.103444,5
46403160/01,C Facilities Support Limited,11/03/2021,Guilty-Fine,"3,500.00",Health and Safety At Work Act 1974 / 2 /,2022-05-23 16:38:25.103444,5
46403160/02,C Facilities Support Limited,11/03/2021,Guilty-Fine,"3,500.00",Health and Safety At Work Act 1974 / 3 /,2022-05-23 16:38:25.430025,6
46403250/01,Greif UK Limited,11/03/2021,Guilty-Fine,"50,000.00",Health and Safety At Work Act 1974 / 2 /,2022-05-23 16:38:25.430025,6
46403250/02,Greif UK Limited,11/03/2021,Guilty-Fine,"50,000.00",Health and Safety At Work Act 1974 / 3 /,2022-05-23 16:38:25.430025,6
46557160/01,Dreamtouch Mattresses Ltd,09/03/2021,Guilty-Fine,"66,000.00",Health and Safety At Work Act 1974 / 2 / 1,2022-05-23 16:38:25.430025,6
45965900/01,Saint-Gobain PAM UK Ltd,08/03/2021,Guilty-Fine,"500,170.00",Health and Safety At Work Act 1974 / 2 / 1,2022-05-23 16:38:25.430025,6
46301410/01,Robert Norman Construction Limited,04/03/2021,Guilty-Fine,"140,000.00",Health and Safety At Work Act 1974 / 3 / 1,2022-05-23 16:38:25.430025,6
45741880/01,Andrew Hart Industrial Roofing Limited,02/03/2021,Guilty-Fine,100.00,Gas Safety (Installation and Use) Regulations 1998 / 8 / 1,2022-05-23 16:38:25.430025,6
45741910/01,Exeter City Council,02/03/2021,Guilty-Fine,"12,800.00",Health and Safety At Work Act 1974 / 3 / 1,2022-05-23 16:38:25.430025,6
44778790/01,CalaChem Limited,01/03/2021,Guilty-Fine,"560,000.00",Health and Safety At Work Act 1974 / 2 /,2022-05-23 16:38:25.430025,6
46052960/01,Stonegrave Aggregates Limited,26/02/2021,Guilty-Fine,"10,000.00",Provision and Use of Work Equip Regs 1998 / 11 / 1,2022-05-23 16:38:25.430025,6
46052960/02,Stonegrave Aggregates Limited,26/02/2021,Guilty-Fine,"100,000.00",Health and Safety At Work Act 1974 / 2 / 1,2022-05-23 16:38:25.717033,7
46315050/01,NWF Agriculture Limited,26/02/2021,Guilty-Fine,"100,000.00",Provision and Use of Work Equip Regs 1998 / 11 / 1,2022-05-23 16:38:25.717033,7
46019240/01,Country Style Foods Limited,25/02/2021,Guilty-Fine,"140,000.00",Health and Safety At Work Act 1974 / 2 / 1,2022-05-23 16:38:25.717033,7
46033850/01,R4 Industrial Roofing Cladding Systems Limited,23/02/2021,Guilty-Fine,"165,000.00",Health and Safety At Work Act 1974 / 2 / 1,2022-05-23 16:38:25.717033,7
45790160/01,MJL Contractors Limited,22/02/2021,Guilty-Fine,"250,000.00",Health and Safety At Work Act 1974 / 3 / 1,2022-05-23 16:38:25.717033,7
44965440/01,Alex Brewster & Sons,18/02/2021,Guilty-Fine,"4,000.00",Work at Height Regulations 2005 / 4 / 1,2022-05-23 16:38:25.717033,7
46638160/01,SSF Construction Limited,15/02/2021,Guilty-Fine,"14,000.00",Construction (Design and Management) Regulations 2015 / 13 / 1,2022-05-23 16:38:25.717033,7
46638160/02,SSF Construction Limited,15/02/2021,Guilty-Fine,"34,000.00",Work at Height Regulations 2005 / 4 / 1,2022-05-23 16:38:25.717033,7
46337250/01,Swift Property Management Mcr Limited,12/02/2021,Guilty-Fine,"12,500.00",Health and Safety At Work Act 1974 / 2 / 1,2022-05-23 16:38:25.717033,7
46337250/02,Swift Property Management Mcr Limited,12/02/2021,Guilty-Fine,"12,500.00",Health and Safety At Work Act 1974 / 3 / 1,2022-05-23 16:38:25.717033,7
46337290/01,Samer Constructions Limited,12/02/2021,Guilty-Fine,"6,000.00",Health and Safety At Work Act 1974 / 3 / 1,2022-05-23 16:38:26.068672,8
46337290/02,Samer Constructions Limited,12/02/2021,Guilty-Fine,"6,000.00",Health and Safety At Work Act 1974 / 2 / 1,2022-05-23 16:38:26.068672,8
46164240/01,National Grid Gas PLC,09/02/2021,Guilty-Fine,"4,000,000.00",Health and Safety At Work Act 1974 / 3 / 1,2022-05-23 16:38:26.068672,8
46301480/01,R & B Plastering Limited,04/02/2021,Guilty-Fine,"26,700.00",Health and Safety At Work Act 1974 / 3 / 1,2022-05-23 16:38:26.068672,8
46306660/01,Profile Patterns Limited,04/02/2021,Guilty-Fine,"10,000.00",Health and Safety At Work Act 1974 / 2 /,2022-05-23 16:38:26.068672,8
46306660/02,Profile Patterns Limited,04/02/2021,Guilty-Fine,"10,000.00",Health and Safety At Work Act 1974 / 3 /,2022-05-23 16:38:26.068672,8
46405390/01,Uniroyal Global Limited,02/02/2021,Guilty-Fine,"120,000.00",Health and Safety At Work Act 1974 / 2 / 1,2022-05-23 16:38:26.068672,8
46099910/01,Pontrilas Sawmills Limited,29/01/2021,Guilty-Fine,"200,000.00",Health and Safety At Work Act 1974 / 2 /,2022-05-23 16:38:26.068672,8
46233060/02,Leeds and Bradford Boiler Company Limited (The),29/01/2021,Guilty-Fine,"80,000.00",Health and Safety At Work Act 1974 / 2 / 1,2022-05-23 16:38:26.068672,8
46302720/01,Martland Rollers Ltd.,28/01/2021,Guilty-Fine,"3,284.90",Health and Safety At Work Act 1974 / 2 / 1,2022-05-23 16:38:26.068672,8
46337930/01,Climar Scaffolding Ltd,27/01/2021,Guilty-Fine,"15,000.00",Construction (Design and Management) Regulations 2015 / 19 / 2,2022-05-23 16:38:26.391968,9
45939870/01,Henley Heating and Plumbing Limited,22/01/2021,Guilty-Fine,"51,000.00",Health and Safety At Work Act 1974 / 3 / 1,2022-05-23 16:38:26.391968,9
46040350/01,Atec Maintenance Ltd,22/01/2021,Guilty-Fine,"30,000.00",Work at Height Regulations 2005 / 4 / 1,2022-05-23 16:38:26.391968,9
46340770/01,The Governing Body of Christ the King Catholic Hig,22/01/2021,Guilty-Fine,"10,000.00",Health and Safety At Work Act 1974 / 2 / 1,2022-05-23 16:38:26.391968,9
46290700/01,PCR Steel Ltd,21/01/2021,Guilty-Fine,"50,000.00",Health and Safety At Work Act 1974 / 3 / 1,2022-05-23 16:38:26.391968,9
46290700/02,PCR Steel Ltd,21/01/2021,Guilty-No Sep Penalty,0.00,Lifting Operations and Lifting Equipment Regulations 1998 / 8 / 1,2022-05-23 16:38:26.391968,9
46137310/01,C N C Speedwell Limited,20/01/2021,Guilty-Fine,"120,000.00",Health and Safety At Work Act 1974 / 2 / 1,2022-05-23 16:38:26.391968,9
46228840/03,London Borough of Tower Hamlets,20/01/2021,Guilty-Fine,"330,000.00",Health and Safety At Work Act 1974 / 3 / 1,2022-05-23 16:38:26.391968,9
46488160/01,Crosfield House Ltd,20/01/2021,Guilty-Fine,"25,000.00",Health and Safety At Work Act 1974 / 3 / 1,2022-05-23 16:38:26.391968,9
46278790/01,Rooffabs Direct Ltd,15/01/2021,Guilty-Fine,"10,000.00",Health and Safety At Work Act 1974 / 2 / 1,2022-05-23 16:38:26.391968,9
46278790/02,Rooffabs Direct Ltd,15/01/2021,Guilty-Fine,"10,000.00","Reporting of Injuries, Diseases and Dangerous Occurrences Regulations 2013 / 3 / 1",2022-05-23 16:38:26.654435,10
45801890/01,Nestle UK Ltd,13/01/2021,Guilty-Fine,"640,000.00",Provision and Use of Work Equip Regs 1998 / 11 / 1,2022-05-23 16:38:26.654435,10
46003720/01,MPM North West Limited,12/01/2021,Guilty-Fine,"50,000.00",Health and Safety At Work Act 1974 / 2 / 1,2022-05-23 16:38:26.654435,10
46003720/02,MPM North West Limited,12/01/2021,Guilty-Fine,0.00,Health and Safety At Work Act 1974 / 3 / 1,2022-05-23 16:38:26.654435,10
46228840/02,London Borough of Tower Hamlets,12/01/2021,Guilty-Deferred,"330,000.00",Health and Safety At Work Act 1974 / 3 / 1,2022-05-23 16:38:26.654435,10
46261860/01,Northwood Tissue (Disley) Limited,11/01/2021,Guilty-Fine,"120,000.00",Health and Safety At Work Act 1974 / 2 / 1,2022-05-23 16:38:26.654435,10
46726290/01,Wood Treatment Limited,11/01/2021,Guilty-Fine,"75,000.00",Health and Safety At Work Act 1974 / 2 / 1,2022-05-23 16:38:26.654435,10
46726290/03,Wood Treatment Limited,11/01/2021,Guilty-Fine/Prison Suspended,0.00,Health and Safety At Work Act 1974 / 37 / 1,2022-05-23 16:38:26.654435,10
46321110/01,P Irving & Sons Ltd,06/01/2021,Guilty-Fine,"60,000.00",Health and Safety At Work Act 1974 / 2 /,2022-05-23 16:38:26.654435,10
45891970/01,Ken Mills Engineering Ltd,05/01/2021,Guilty-Fine,"18,000.00",Health and Safety At Work Act 1974 / 2 / 1,2022-05-23 16:38:26.654435,10
45934790/01,J & P Turner (Building Contractors) Limited,05/01/2021,Guilty-Fine,"2,800.00",Work at Height Regulations 2005 / 4 /,2022-05-23 16:38:26.971669,11
46228840/01,London Borough of Tower Hamlets,23/12/2020,Guilty-Deferred,0.00,Health and Safety At Work Act 1974 / 3 / 1,2022-05-23 16:38:26.971669,11
45627240/01,The Leys and St Faith's Schools Foundation,21/12/2020,Guilty-Fine,"52,800.00",Health and Safety At Work Act 1974 / 3 /,2022-05-23 16:38:26.971669,11
45932520/03,L.S. Starrett Company Ltd. (The),21/12/2020,Guilty-Fine,"100,000.00",Health and Safety At Work Act 1974 / 2 /,2022-05-23 16:38:26.971669,11
45124460/01,Sevenoaks School,17/12/2020,Guilty-Fine,"60,000.00",Health and Safety At Work Act 1974 / 3 / 1,2022-05-23 16:38:26.971669,11
46025500/01,Stephen Gardiner Construction Limited,17/12/2020,Guilty-Fine,"3,400.00",Work at Height Regulations 2005 / 6 /,2022-05-23 16:38:26.971669,11
46380250/01,Improvearoof LLP,15/12/2020,Guilty-Fine,"10,000.00",Work at Height Regulations 2005 / 4 / 1,2022-05-23 16:38:26.971669,11
46380250/02,Improvearoof LLP,15/12/2020,Guilty-Fine,"10,000.00",Work at Height Regulations 2005 / 6 / 3,2022-05-23 16:38:26.971669,11
45905810/03,J Reddington Ltd,14/12/2020,Guilty-Fine,"166,000.00",Construction (Design and Management) Regulations 2015 / 15 / 2,2022-05-23 16:38:26.971669,11
46710390/01,Trevor Atkin,14/12/2020,Guilty-Prison Suspended,0.00,Health and Safety At Work Act 1974 / 33 / 1,2022-05-23 16:38:26.971669,11
46710390/02,Trevor Atkin,14/12/2020,Guilty-Prison Suspended,0.00,Health and Safety At Work Act 1974 / 3 / 1,2022-05-23 16:38:27.338126,12
46416120/01,BDW Trading Limited,11/12/2020,Guilty-Fine,"140,170.00",Work at Height Regulations 2005 / 6 / 3,2022-05-23 16:38:27.338126,12
46416150/01,Quayside Electrical Ltd,11/12/2020,Guilty-Fine,"3,691.15",Work at Height Regulations 2005 / 6 / 3,2022-05-23 16:38:27.338126,12
46190100/01,Reckitt Benckiser Healthcare (UK) Limited,04/12/2020,Guilty-Fine,"200,000.00",Health and Safety At Work Act 1974 / 2 /,2022-05-23 16:38:27.338126,12
46405480/01,Lightwater Valley Attractions Limited,04/12/2020,Guilty-Fine,"333,334.00",Health and Safety At Work Act 1974 / 3 / 1,2022-05-23 16:38:27.338126,12
46359410/01,Onward Homes Limited,03/12/2020,Guilty-Fine,"40,000.00",Control of Vibration at Work  Regs 2005 / 6 / 1,2022-05-23 16:38:27.338126,12
46359410/02,Onward Homes Limited,03/12/2020,Guilty-Fine,"40,000.00",Control of Vibration at Work  Regs 2005 / 7 / 1,2022-05-23 16:38:27.338126,12
46397470/01,PYC Engineering Limited,03/12/2020,Guilty-Fine,"10,000.00",Health and Safety At Work Act 1974 / 2 / 1,2022-05-23 16:38:27.338126,12
45916380/01,VSMPO Tirus Limited,01/12/2020,Guilty-Fine,"200,000.00",Health and Safety At Work Act 1974 / 2 / 1,2022-05-23 16:38:27.338126,12
46264470/01,Smith Construction Group Limited,01/12/2020,Guilty-Fine,"55,400.00",Health and Safety At Work Act 1974 / 2 / 1,2022-05-23 16:38:27.338126,12
45849300/03,M & J Engineers Ltd,27/11/2020,Guilty-Fine,"220,000.00",Health and Safety At Work Act 1974 / 2 / 1,2022-05-23 16:38:27.610054,13
46407770/01,Designed Roof Systems Limited,27/11/2020,Guilty-Fine,"130,000.00",Health and Safety At Work Act 1974 / 2 / 1,2022-05-23 16:38:27.610054,13
46267000/01,AIM Engineering Ltd,26/11/2020,Guilty-Fine,"300,000.00",Health and Safety At Work Act 1974 / 2 / 1,2022-05-23 16:38:27.610054,13
46306730/01,DNA Home Improvement (Cheshire) Limited,26/11/2020,Guilty-Fine,"15,000.00",Health and Safety At Work Act 1974 / 2 / 1,2022-05-23 16:38:27.610054,13
46306730/02,DNA Home Improvement (Cheshire) Limited,26/11/2020,Guilty-Fine,"15,000.00",Health and Safety At Work Act 1974 / 2 / 1,2022-05-23 16:38:27.610054,13
46307160/01,PBS Building and Property Maintenance Limited,26/11/2020,Guilty-Fine,"100,000.00",Construction (Design and Management) Regulations 2015 / 19 / 1,2022-05-23 16:38:27.610054,13
46307160/02,PBS Building and Property Maintenance Limited,26/11/2020,Guilty-No Sep Penalty,0.00,Construction (Design and Management) Regulations 2015 / 19 / 2,2022-05-23 16:38:27.610054,13
45471200/01,Icon Fabrications Ltd,25/11/2020,Guilty-Fine,"10,000.00",Provision and Use of Work Equip Regs 1998 / 11 / 1,2022-05-23 16:38:27.610054,13
46674410/01,JNR Developers Limited,24/11/2020,Guilty-Fine,"32,000.00",Health and Safety At Work Act 1974 / 3 / 1,2022-05-23 16:38:27.610054,13
46371940/01,Melba Swintex,19/11/2020,Guilty-Fine,"125,000.00",Health and Safety At Work Act 1974 / 2 / 1,2022-05-23 16:38:27.610054,13
46017450/01,ENVA Scotland Limited,17/11/2020,Guilty-Fine,"264,000.00",Health and Safety At Work Act 1974 / 2 /,2022-05-23 16:38:27.893988,14
46231540/01,Kingspan Industrial Insulation Ltd,17/11/2020,Guilty-Fine,"80,000.00",Health and Safety At Work Act 1974 / 2 / 1,2022-05-23 16:38:27.893988,14
46160310/01,Prestige EA Limited,16/11/2020,Guilty-Fine,"2,000.00",Health and Safety At Work Act 1974 / 3 /,2022-05-23 16:38:27.893988,14
46314930/01,Acrivarn Limited,16/11/2020,Guilty-Fine,"24,000.00",Health and Safety At Work Act 1974 / 2 /,2022-05-23 16:38:27.893988,14
46418070/01,H & A Recycling Limited,13/11/2020,Guilty-No Sep Penalty,0.00,Health and Safety At Work Act 1974 / 2 /,2022-05-23 16:38:27.893988,14
46418070/02,H & A Recycling Limited,13/11/2020,Guilty-Fine,"200,000.00",Corp Manslaughter & Corp Homicide 2007 / 1 /,2022-05-23 16:38:27.893988,14
46280990/01,Blue Sun Energy Ltd,12/11/2020,Guilty-Fine,"38,019.00",Health and Safety At Work Act 1974 / 3 / 1,2022-05-23 16:38:27.893988,14
46318880/01,S.D.S.Albion Engineering Limited,11/11/2020,Guilty-Fine,"20,000.00",Provision and Use of Work Equip Regs 1998 / 11 /,2022-05-23 16:38:27.893988,14
46425220/02,EPS Materials Recovery Ltd,11/11/2020,Guilty-Fine,"300,000.00",Health and Safety At Work Act 1974 / 2 / 1,2022-05-23 16:38:27.893988,14
46142090/01,A & D Logistics Limited,05/11/2020,Guilty-Fine,"48,000.00",Health and Safety At Work Act 1974 / 2 /,2022-05-23 16:38:27.893988,14
45271610/02,Wilson James Limited,02/11/2020,Guilty-Fine,"850,000.00",Health and Safety At Work Act 1974 / 2 / 1,2022-05-23 16:38:28.169806,15
44745170/01,Springfield Properties PLC,31/10/2020,Guilty-Fine,"10,000.00",Health and Safety At Work Act 1974 / 2 /,2022-05-23 16:38:28.169806,15
45463580/01,W.E.Rawson Ltd,30/10/2020,Guilty-Fine,"120,000.00",Health and Safety At Work Act 1974 / 2 / 1,2022-05-23 16:38:28.169806,15
45281810/01,Roman Catholic Diocese of Dunkeld,27/10/2020,Guilty-Fine,"40,000.00",Health and Safety At Work Act 1974 / 3 /,2022-05-23 16:38:28.169806,15
46228510/01,Cheshire West and Chester Council,23/10/2020,Guilty-Fine,"300,000.00",Health and Safety At Work Act 1974 / 3 / 1,2022-05-23 16:38:28.169806,15
46230510/01,C L C Contractors Ltd,23/10/2020,Guilty-Fine,"400,000.00",Construction (Design and Management) Regulations 2015 / 13 / 1,2022-05-23 16:38:28.169806,15
46318990/01,Axio (Special Works) Limited,23/10/2020,Guilty-Fine,"20,000.00",Construction (Design and Management) Regulations 2015 / 13 / 1,2022-05-23 16:38:28.169806,15
46292430/01,Cheshire Oak Structures Limited,22/10/2020,Guilty-Fine,"30,170.00",Health and Safety At Work Act 1974 / 2 / 1,2022-05-23 16:38:28.169806,15
45677610/01,Foamextra Limited,16/10/2020,Guilty-Fine,"4,000.00",Provision and Use of Work Equip Regs 1998 / 11 /,2022-05-23 16:38:28.169806,15
46061460/01,Reason Transport UK Limited,16/10/2020,Guilty-Fine,"5,000.00",Health and Safety At Work Act 1974 / 3 /,2022-05-23 16:38:28.169806,15
46298640/01,Timet UK Limited,16/10/2020,Guilty-Fine,"375,000.00",Health and Safety At Work Act 1974 / 2 / 1,2022-05-23 16:38:28.452956,16
45248700/01,Luton Borough Council,14/10/2020,Guilty-Fine,"104,000.00",Health and Safety At Work Act 1974 / 2 / 1,2022-05-23 16:38:28.452956,16
45948810/01,GWP Group Limited,09/10/2020,Guilty-Fine,"60,000.00",Provision and Use of Work Equip Regs 1998 / 11 / 1,2022-05-23 16:38:28.452956,16
46201820/01,Panelbond Limited,09/10/2020,Guilty-Fine,"11,505.05",Provision and Use of Work Equip Regs 1998 / 11 / 1,2022-05-23 16:38:28.452956,16
46327280/01,S.M. Dixon Building Contractors Limited,07/10/2020,Guilty-Fine,"10,000.00",Health and Safety At Work Act 1974 / 2 / 1,2022-05-23 16:38:28.452956,16
45802470/01,ECS Groundwork Ltd,06/10/2020,Guilty-No Sep Penalty,0.00,Construction (Design and Management) Regulations 2015 / 19 / 3,2022-05-23 16:38:28.452956,16
45802470/02,ECS Groundwork Ltd,06/10/2020,Guilty-Fine,"40,000.00",Construction (Design and Management) Regulations 2015 / 19 /,2022-05-23 16:38:28.452956,16
45802470/03,ECS Groundwork Ltd,06/10/2020,Guilty-No Sep Penalty,0.00,Construction (Design and Management) Regulations 2015 / 19 /,2022-05-23 16:38:28.452956,16
46309370/01,G-Tekt Europe Manufacturing Limited,02/10/2020,Guilty-Fine,"520,000.00","Workplace (Health, Safety and Welfare) Regulations / 4 / 1",2022-05-23 16:38:28.452956,16
46034600/01,Peter Ramsey & Sons (Denholme) Timber Limited,28/09/2020,Guilty-Fine,"56,000.00",Health and Safety At Work Act 1974 / 2 / 1,2022-05-23 16:38:28.452956,16
46289680/01,Dhesi Sweet Centre Limited,25/09/2020,Guilty-Fine,"54,000.00",Work at Height Regulations 2005 / 6 / 3,2022-05-23 16:38:28.791878,17
46003010/01,Carrera Engineering Services Limited,24/09/2020,Guilty-Fine,"7,000.00",Health and Safety At Work Act 1974 / 2 / 1,2022-05-23 16:38:28.791878,17
46003170/01,Hilton Food Group PLC,24/09/2020,Guilty-Fine,"300,000.00",Health and Safety At Work Act 1974 / 3 / 1,2022-05-23 16:38:28.791878,17
46349160/02,The Action Group,22/09/2020,Guilty-Fine,"20,000.00",Health and Safety At Work Act 1974 / 2 / 2,2022-05-23 16:38:28.791878,17
45028310/01,SGL Carbon Fibers Limited,17/09/2020,Guilty-Fine,"6,000.00",Health and Safety At Work Act 1974 / 2 /,2022-05-23 16:38:28.791878,17
45028310/02,SGL Carbon Fibers Limited,17/09/2020,Guilty-Fine,"6,000.00",Provision and Use of Work Equip Regs 1998 / 11 / 1,2022-05-23 16:38:28.791878,17
46207450/01,Novaflex Limited,17/09/2020,Guilty-Fine,"11,000.00",Health and Safety At Work Act 1974 / 2 /,2022-05-23 16:38:28.791878,17
46207450/02,Novaflex Limited,17/09/2020,Guilty-Fine,"11,000.00",Health and Safety At Work Act 1974 / 3 /,2022-05-23 16:38:28.791878,17
45164560/01,Emtelle UK Limited,15/09/2020,Guilty-Fine,"100,000.00",Provision and Use of Work Equip Regs 1998 / 11 /,2022-05-23 16:38:28.791878,17
46240790/01,Hi Peak Feeds Ltd,15/09/2020,Guilty-Fine,"140,000.00",Health and Safety At Work Act 1974 / 2 / 1,2022-05-23 16:38:28.791878,17
45306980/01,Leadec Limited,11/09/2020,Guilty-Fine,"2,000,000.00",Health and Safety At Work Act 1974 / 2 /,2022-05-23 16:38:29.089680,18
45659770/01,Wembley Scaffolding Services Ltd,11/09/2020,Guilty-Fine,"7,860.00",Work at Height Regulations 2005 / 6 / 3,2022-05-23 16:38:29.089680,18
45569530/01,CHRISTIES FOCHABERS LTD,03/09/2020,Guilty-Fine,"30,000.00",Health and Safety At Work Act 1974 / 2 /,2022-05-23 16:38:29.089680,18
46345010/01,Totally Local Company Limited,02/09/2020,Guilty-Fine,"100,000.00",Health and Safety At Work Act 1974 / 2 / 1,2022-05-23 16:38:29.089680,18
46345010/02,Totally Local Company Limited,02/09/2020,Guilty-Fine,"100,000.00",Health and Safety At Work Act 1974 / 3 / 1,2022-05-23 16:38:29.089680,18
45913090/01,Stoneham Construction Limited,27/08/2020,Guilty-Fine,"12,004.42",Construction (Design and Management) Regulations 2015 / 13 / 1,2022-05-23 16:38:29.089680,18
45913210/01,Ryde Demolition Company Ltd,27/08/2020,Guilty-Fine,"80,000.00",Health and Safety At Work Act 1974 / 2 / 1,2022-05-23 16:38:29.089680,18
45913410/01,HJ Bennett Limited,27/08/2020,Guilty-Fine,"120,000.00",Health and Safety At Work Act 1974 / 3 / 1,2022-05-23 16:38:29.089680,18
46164260/02,Scapa UK Limited,21/08/2020,Guilty-Fine,"120,000.00",Health and Safety At Work Act 1974 / 2 / 1,2022-05-23 16:38:29.089680,18
46260070/01,Mr Bagel's Ltd,21/08/2020,Guilty-Fine,"4,500.00",Provision and Use of Work Equip Regs 1998 / 11 / 1,2022-05-23 16:38:29.089680,18
45591970/01,NHS Ayrshire & Arran Health Board,19/08/2020,Guilty-Fine,"110,000.00",Health and Safety At Work Act 1974 / 3 / 1,2022-05-23 16:38:29.349939,19
45951460/01,Scottish Water Limited,18/08/2020,Guilty-Fine,"140,000.00",Health and Safety At Work Act 1974 / 2 /,2022-05-23 16:38:29.349939,19
46159950/01,Empteezy Limited,18/08/2020,Guilty-Fine,"8,000.00",Work at Height Regulations 2005 / 6 / 3,2022-05-23 16:38:29.349939,19
44977230/01,Brebner & Williamson Limited,14/08/2020,Guilty-Fine,"5,000.00",Work at Height Regulations 2005 / 4 / 1,2022-05-23 16:38:29.349939,19
46048250/01,Castleton Fruit Ltd.,14/08/2020,Guilty-Fine,"10,000.00",Health and Safety At Work Act 1974 / 2 /,2022-05-23 16:38:29.349939,19
46049390/04,Argent Energy (UK) Limited,14/08/2020,Guilty-Fine,"270,000.00",Health and Safety At Work Act 1974 / 2 /,2022-05-23 16:38:29.349939,19
46198390/01,Moldives LTD,12/08/2020,Guilty-Fine,"3,500.00",Diving at Work Regs 1997 / 6 /,2022-05-23 16:38:29.349939,19
46198390/02,Moldives LTD,12/08/2020,Guilty-Fine,"3,500.00",Diving at Work Regs 1997 / 6 /,2022-05-23 16:38:29.349939,19
46202910/01,Simec Ports (UK) Limited,07/08/2020,Guilty-Fine,"200,000.00",Health and Safety At Work Act 1974 / 2 / 1,2022-05-23 16:38:29.349939,19
46083530/01,C&R Powder Coating and Welding Fabrication Ltd,04/08/2020,Guilty-Fine,"20,000.00",Provision and Use of Work Equip Regs 1998 / 4 / 1,2022-05-23 16:38:29.349939,19
44608440/01,Scotland Gas Networks PLC,31/07/2020,Guilty-Fine,"150,000.00",Pipelines Safety Regulations 1996 / 15 /,2022-05-23 16:38:29.677085,20
44662070/03,J Murphy & Sons Limited,31/07/2020,Guilty-Fine,"150,000.00",Pipelines Safety Regulations 1996 / 15 /,2022-05-23 16:38:29.677085,20
46232970/01,John Leadley Limited,22/07/2020,Guilty-Fine,"5,000.00",Health and Safety At Work Act 1974 / 2 /,2022-05-23 16:38:29.677085,20
46232970/02,John Leadley Limited,22/07/2020,Guilty-No Sep Penalty,0.00,Health and Safety At Work Act 1974 / 3 /,2022-05-23 16:38:29.677085,20
46285680/01,Wirral Metropolitan Borough Council,20/07/2020,Guilty-Fine,"100,000.00",Health and Safety At Work Act 1974 / 3 / 1,2022-05-23 16:38:29.677085,20
46117950/01,West Design Products LTD,17/07/2020,Guilty-Fine,"89,600.00",Health and Safety At Work Act 1974 / 2 / 1,2022-05-23 16:38:29.677085,20
45472860/01,Brenbuild Limited,16/07/2020,Guilty-Fine,"40,000.00",Health and Safety At Work Act 1974 / 2 / 1,2022-05-23 16:38:29.677085,20
45472860/02,Brenbuild Limited,16/07/2020,Guilty-Fine,"40,000.00",Health and Safety At Work Act 1974 / 3 / 1,2022-05-23 16:38:29.677085,20
45473140/01,Costain Limited,16/07/2020,Guilty-Fine,"600,000.00",Health and Safety At Work Act 1974 / 3 / 1,2022-05-23 16:38:29.677085,20
45473140/02,Costain Limited,16/07/2020,Guilty-Fine,"600,000.00",Health and Safety At Work Act 1974 / 2 / 1,2022-05-23 16:38:29.677085,20
45905300/01,Treanor Pujol Limited,14/07/2020,Guilty-Fine,"140,000.00",Health and Safety At Work Act 1974 / 2 / 1,2022-05-23 16:38:29.942036,21
45905370/02,Treanor Pujol Limited,14/07/2020,Guilty-Fine,"100,000.00",Electricity at Work / 6 /,2022-05-23 16:38:29.942036,21
45933920/01,Treanor Pujol Limited,14/07/2020,Guilty-Fine,"45,000.00",Provision and Use of Work Equip Regs 1998 / 11 / 1,2022-05-23 16:38:29.942036,21
44791230/01,Score (Europe ) Limited,07/07/2020,Guilty-Fine,"12,000.00",Lifting Operations and Lifting Equipment Regulations 1998 / 8 /,2022-05-23 16:38:29.942036,21
45494250/01,Hall's of Scotland Limited,07/07/2020,Guilty-Fine,"120,000.00",Health and Safety At Work Act 1974 / 2 /,2022-05-23 16:38:29.942036,21
46144000/01,Sibcas Limited,07/07/2020,Guilty-Fine,"8,000.00",Health and Safety At Work Act 1974 / 2 /,2022-05-23 16:38:29.942036,21
45685980/01,Connor's Building & Restoration Ltd,01/07/2020,Guilty-Fine,"20,000.00",Health and Safety At Work Act 1974 / 2 / 1,2022-05-23 16:38:29.942036,21
46140480/01,DX Network Services Limited,30/06/2020,Guilty-Fine,"200,000.00","Workplace (Health, Safety and Welfare) Regulations / 17 /",2022-05-23 16:38:29.942036,21
45633540/01,Stoneworld (Oxfordshire) Limited,26/06/2020,Guilty-Fine,"10,000.00",Health and Safety At Work Act 1974 / 2 / 1,2022-05-23 16:38:29.942036,21
45886120/01,The Storage Equipment Centre Limited,26/06/2020,Guilty-Fine,"28,000.00",Health and Safety At Work Act 1974 / 6 / 3,2022-05-23 16:38:29.942036,21
45692570/01,Cargilfield School,24/06/2020,Guilty-Fine,"3,350.00",Health and Safety At Work Act 1974 / 3 /,2022-05-23 16:38:30.235004,22
45948410/02,Crystal Architectural Aluminium Ltd,22/06/2020,Guilty-Fine,"17,000.00",Work at Height Regulations 2005 / 4 / 1,2022-05-23 16:38:30.235004,22
45652610/02,Perrys Motor Sales Limited,11/06/2020,Guilty-Fine,"140,000.00",Health and Safety At Work Act 1974 / 2 / 1,2022-05-23 16:38:30.235004,22
45653380/01,S&ASH Ltd,11/06/2020,Guilty-Fine,"4,000.00",Health and Safety At Work Act 1974 / 3 / 1,2022-05-23 16:38:30.235004,22
46200240/01,Formula Scaffolding (London) Limited,11/06/2020,Guilty-Fine,"160,000.00",Health and Safety At Work Act 1974 / 3 / 1,2022-05-23 16:38:30.235004,22
46186930/01,IFG Drake Limited,03/06/2020,Guilty-Fine,"366,850.00",Health and Safety At Work Act 1974 / 2 / 1,2022-05-23 16:38:30.235004,22
46447310/01,Phillips 66 Limited,22/05/2020,Guilty-Fine,"600,000.00",Health and Safety At Work Act 1974 / 2 / 1,2022-05-23 16:38:30.235004,22
46447310/02,Phillips 66 Limited,22/05/2020,Guilty-Fine,"600,000.00",Health and Safety At Work Act 1974 / 3 / 1,2022-05-23 16:38:30.235004,22
45390290/01,Modus Workspace Limited,21/05/2020,Guilty-Fine,"1,100,000.00",Health and Safety At Work Act 1974 / 3 / 1,2022-05-23 16:38:30.235004,22
45685620/01,JWB (Mersea) Limited,11/05/2020,Guilty-Fine,"1,000.00",Construction (Design and Management) Regulations 2015 / 13 / 1,2022-05-23 16:38:30.235004,22
46082850/01,Fortec Distribution Network Limited,30/04/2020,Guilty-Fine,"107,000.00",Health and Safety At Work Act 1974 / 2 / 1,2022-05-23 16:38:30.796752,23
44945590/01,JR Scaffold Services Ltd,23/04/2020,Guilty-Fine,"5,000.00",Health and Safety At Work Act 1974 / 2 /,2022-05-23 16:38:30.796752,23
46129100/01,EGL Homecare Ltd,20/03/2020,Guilty-Fine,"80,000.00",Provision and Use of Work Equip Regs 1998 / 11 / 1,2022-05-23 16:38:30.796752,23
45039420/01,NHS Tayside,19/03/2020,Guilty-Fine,"120,000.00",Health and Safety At Work Act 1974 / 3 /,2022-05-23 16:38:30.796752,23
46265680/02,Park Lane Collections Limited,18/03/2020,Guilty-No Sep Penalty,0.00,Employers Liability Compulsory Insurance / 1 / 1,2022-05-23 16:38:30.796752,23
46265680/03,Park Lane Collections Limited,18/03/2020,Guilty-Fine,350.00,Employers Liability Compulsory Insurance / 1 / 1,2022-05-23 16:38:30.796752,23
46265680/04,Park Lane Collections Limited,18/03/2020,Guilty-Fine,"1,500.00",Employers Liability Compulsory Insurance / 1 / 1,2022-05-23 16:38:30.796752,23
46266450/02,San Carlo UK Limited,18/03/2020,Guilty-Fine,"1,500.00",Employers Liability Compulsory Insurance / 1 / 1,2022-05-23 16:38:30.796752,23
46266450/03,San Carlo UK Limited,18/03/2020,Guilty-Fine,750.00,Employers Liability Compulsory Insurance / 1 / 1,2022-05-23 16:38:30.796752,23
46266450/04,San Carlo UK Limited,18/03/2020,Guilty-No Sep Penalty,0.00,Employers Liability Compulsory Insurance / 1 / 1,2022-05-23 16:38:30.796752,23
46267570/01,Yuvam Ltd,18/03/2020,Guilty-Fine,"1,000.00",Employers Liability Compulsory Insurance / 1 / 1,2022-05-23 16:38:31.558039,24
46267570/03,Yuvam Ltd,18/03/2020,Guilty-Fine,"1,000.00",Employers Liability Compulsory Insurance / 1 / 1,2022-05-23 16:38:31.558039,24
46267570/04,Yuvam Ltd,18/03/2020,Guilty-Fine,"1,667.00",Employers Liability Compulsory Insurance / 1 / 1,2022-05-23 16:38:31.558039,24
46286310/01,Speed Drop Logistics Ltd,18/03/2020,Guilty-Fine,"80,000.00",Work at Height Regulations 2005 / 6 / 3,2022-05-23 16:38:31.558039,24
44964210/01,Stan England Builders Limited,06/03/2020,Guilty-Fine,"6,000.00",Work at Height Regulations 2005 / 6 /,2022-05-23 16:38:31.558039,24
45248690/01,Barretts of Aspley Limited,04/03/2020,Guilty-Fine,"50,000.00",Control of Vibration at Work  Regs 2005 / 7 / 1,2022-05-23 16:38:31.558039,24
45248690/02,Barretts of Aspley Limited,04/03/2020,Guilty-Fine/Other,0.00,Control of Noise at Work Regs 2005 / 9 / 1,2022-05-23 16:38:31.558039,24
45248690/03,Barretts of Aspley Limited,04/03/2020,Guilty-Fine/Other,0.00,Control of Vibration at Work  Regs 2005 / 5 / 1,2022-05-23 16:38:31.558039,24
45248690/05,Barretts of Aspley Limited,04/03/2020,Guilty-Fine/Other,0.00,Control of Substances Hazardous to Health Regs 2002 / 6 / 1,2022-05-23 16:38:31.558039,24
45248690/06,Barretts of Aspley Limited,04/03/2020,Guilty-Fine/Other,0.00,Control of Noise at Work Regs 2005 / 5 / 1,2022-05-23 16:38:31.558039,24
45971650/01,Chesterfield Poultry Limited,04/03/2020,Guilty-Fine,"300,000.00",Health and Safety At Work Act 1974 / 3 / 1,2022-05-23 16:38:31.851433,25
46136340/01,Metalart Fabrication Ltd,04/03/2020,Guilty-Fine,"18,000.00",Health and Safety At Work Act 1974 / 6 /,2022-05-23 16:38:31.851433,25
46180680/01,Rhino Construction & Building Services Limited,04/03/2020,Guilty-Fine,"650,167.00",Work at Height Regulations 2005 / 4 /,2022-05-23 16:38:31.851433,25
46180680/02,Rhino Construction & Building Services Limited,04/03/2020,Guilty-Fine,"650,167.00",Work at Height Regulations 2005 / 4 /,2022-05-23 16:38:31.851433,25
44973780/01,TM Telford Dairy Limited,03/03/2020,Guilty-Fine,"600,000.00",Health and Safety At Work Act 1974 / 2 / 1,2022-05-23 16:38:31.851433,25
45423930/01,Viridor Waste Management Limited,27/02/2020,Guilty-Fine,"400,000.00","Workplace (Health, Safety and Welfare) Regulations / 4 / 1",2022-05-23 16:38:31.851433,25
45491970/01,Phoenix Roofing & Cladding Limited,27/02/2020,Guilty-Fine,"20,000.00",Health and Safety At Work Act 1974 / 3 /,2022-05-23 16:38:31.851433,25
46087220/01,Keadby Generation Limited,27/02/2020,Guilty-No Sep Penalty,0.00,Health and Safety At Work Act 1974 / 2 / 1,2022-05-23 16:38:31.851433,25
46087220/02,Keadby Generation Limited,27/02/2020,Guilty-Fine,"200,000.00",Health and Safety At Work Act 1974 / 3 / 1,2022-05-23 16:38:31.851433,25
46138400/01,De La Rue International Limited.,26/02/2020,Guilty-Fine,"300,000.00",Health and Safety At Work Act 1974 / 2 / 1,2022-05-23 16:38:31.851433,25
46223640/01,Gama Properties 11 Limited,26/02/2020,Guilty-Fine,"23,540.00",Construction (Design and Management) Regulations 2015 / 25 / 4,2022-05-23 16:38:32.127985,26
45643880/01,SPIE Limited,24/02/2020,Guilty-Fine,"160,000.00",Health and Safety At Work Act 1974 / 3 /,2022-05-23 16:38:32.127985,26
45703600/01,E Manton Limited,21/02/2020,Guilty-Fine,"26,000.00",Health and Safety At Work Act 1974 / 3 / 1,2022-05-23 16:38:32.127985,26
45703820/01,MTE (Leicester) Limited,21/02/2020,Guilty-Fine,"20,000.00",Health and Safety At Work Act 1974 / 3 / 1,2022-05-23 16:38:32.127985,26
45470440/01,DHL Parcel UK Limited,19/02/2020,Guilty-Fine,"400,000.00",Health and Safety At Work Act 1974 / 2 / 1,2022-05-23 16:38:32.127985,26
46013100/02,Unicorn Services Limited,19/02/2020,Guilty-Fine,"106,667.00",Construction (Design and Management) Regulations 2015 / 13 / 1,2022-05-23 16:38:32.127985,26
46124500/01,Peter Norris (Haulage) Limited,19/02/2020,Guilty-Fine,"140,000.00",Health and Safety At Work Act 1974 / 3 / 1,2022-05-23 16:38:32.127985,26
46073460/01,Lymington Precision Engineers Co. Limited,12/02/2020,Guilty-Fine,"20,170.00",Control of Substances Hazardous to Health Regs 2002 / 7 / 1,2022-05-23 16:38:32.127985,26
46094840/02,London Tower Crane Hire & Sales Limited,12/02/2020,Guilty-Fine,"54,000.00",Work at Height Regulations 2005 / 6 / 3,2022-05-23 16:38:32.127985,26
46120940/01,Harwoods Limited,12/02/2020,Guilty-Fine,"120,170.00",Control of Substances Hazardous to Health Regs 2002 / 7 / 1,2022-05-23 16:38:32.127985,26
46185260/01,I & N Fabrication Ltd,12/02/2020,Guilty-Fine,"16,000.00",Health and Safety At Work Act 1974 / 2 /,2022-05-23 16:38:32.400959,27
46107250/01,R a Shayler and Son Ltd,10/02/2020,Guilty-Fine,"8,000.00",Work at Height Regulations 2005 / 6 /,2022-05-23 16:38:32.400959,27
46108070/01,Boxes and Packaging (Oxford) Limited,10/02/2020,Guilty-Fine,0.00,"Workplace (Health, Safety and Welfare) Regulations / 4 / 1",2022-05-23 16:38:32.400959,27
46108070/02,Boxes and Packaging (Oxford) Limited,10/02/2020,Guilty-Fine,"10,000.00","Workplace (Health, Safety and Welfare) Regulations / 17 / 1",2022-05-23 16:38:32.400959,27
46227090/01,Greens Property Developments Limited,10/02/2020,Guilty-Fine,"18,000.00",Construction (Design and Management) Regulations 2015 / 13 / 1,2022-05-23 16:38:32.400959,27
44351210/01,C R Smith Manufacturing Limited,07/02/2020,Guilty-Fine,"12,500.00",Health and Safety At Work Act 1974 / 2 / 1,2022-05-23 16:38:32.400959,27
45815510/01,Saint-Gobain Construction Products UK Limited,07/02/2020,Guilty-Fine,"400,000.00",Health and Safety At Work Act 1974 / 2 / 1,2022-05-23 16:38:32.400959,27
45815880/01,South Wales Police,07/02/2020,Guilty-Fine,"64,000.00",Health and Safety At Work Act 1974 / 2 / 1,2022-05-23 16:38:32.400959,27
46213520/01,Ace Waste Haulage Ltd,07/02/2020,Guilty-Other,0.00,"Workplace (Health, Safety and Welfare) Regulations / 4 / 1",2022-05-23 16:38:32.400959,27
46213520/04,Ace Waste Haulage Ltd,07/02/2020,Guilty-Fine,"240,000.00",Health and Safety At Work Act 1974 / 2 / 1,2022-05-23 16:38:32.400959,27
45943200/01,Lignacite Limited,06/02/2020,Guilty-Compensation/Fine,0.00,Provision and Use of Work Equip Regs 1998 / 5 / 1,2022-05-23 16:38:32.663925,28
45996700/01,West Dunbartonshire Council,05/02/2020,Guilty-Fine,"3,000.00",Provision and Use of Work Equip Regs 1998 / 26 /,2022-05-23 16:38:32.663925,28
45996700/02,West Dunbartonshire Council,05/02/2020,Guilty-Fine,"5,000.00",Management of Health & Safety at Work Regulations 1999 / 3 /,2022-05-23 16:38:32.663925,28
46010340/01,Bann Joinery Ltd,05/02/2020,Guilty-Fine,"6,000.00",Work at Height Regulations 2005 / 4 /,2022-05-23 16:38:32.663925,28
46027450/01,Materials Movement Limited,05/02/2020,Guilty-Fine,"40,675.38",Construction (Design and Management) Regulations 2015 / 15 / 2,2022-05-23 16:38:32.663925,28
46048670/01,P.J. Labour Services Limited,05/02/2020,Guilty-Fine,"40,648.18",Construction (Design and Management) Regulations 2015 / 15 / 2,2022-05-23 16:38:32.663925,28
45677510/01,Flybe Ltd,04/02/2020,Guilty-Fine,"100,000.00",Health and Safety At Work Act 1974 / 2 / 1,2022-05-23 16:38:32.663925,28
46053330/01,Central Bedfordshire Council,04/02/2020,Guilty-Fine,"9,308.00",Health and Safety At Work Act 1974 / 2 / 1,2022-05-23 16:38:32.663925,28
46196030/01,N & C Engineering Services Ltd,03/02/2020,Guilty-Fine,"1,000.00",Work at Height Regulations 2005 / 4 / 1,2022-05-23 16:38:32.663925,28
45650040/01,BorgWarner Technologies Limited,31/01/2020,Guilty-Fine,"600,000.00",Health and Safety At Work Act 1974 / 2 / 1,2022-05-23 16:38:32.663925,28
45693540/01,Recycled Packaging Ltd.,31/01/2020,Guilty-Fine,"20,000.00",Health and Safety At Work Act 1974 / 2 /,2022-05-23 16:38:32.950836,29
45973570/02,Mr Kevin Leathers,30/01/2020,Guilty-Prison,0.00,Health and Safety At Work Act 1974 / 2 / 1,2022-05-23 16:38:32.950836,29
46194980/01,Powells Limited,29/01/2020,Guilty-Fine,"100,000.00",Construction (Design and Management) Regulations 2015 / 16 / 2,2022-05-23 16:38:32.950836,29
45943750/01,Lane Roofing Contractors Limited,27/01/2020,Guilty-Fine,"60,015.00",Work at Height Regulations 2005 / 4 / 1,2022-05-23 16:38:32.950836,29
45998840/01,Fairhurst Stone Merchants Ltd,22/01/2020,Guilty-Fine,"50,000.00",Electricity at Work / 3 /,2022-05-23 16:38:32.950836,29
45774500/01,I G Doors Limited,21/01/2020,Guilty-Fine,"95,000.00",Health and Safety At Work Act 1974 / 2 / 1,2022-05-23 16:38:32.950836,29
45368430/01,Fascel Group Limited,20/01/2020,Guilty-Fine,"36,000.00",Construction (Design and Management) Regulations 2015 / 15 /,2022-05-23 16:38:32.950836,29
45946370/01,Michael Douglas Autosalvage Limited,16/01/2020,Guilty-Fine,"23,000.00",Health and Safety At Work Act 1974 / 3 /,2022-05-23 16:38:32.950836,29
46076380/01,Newnham College,15/01/2020,Guilty-Fine,"6,000.00",Control of Asbestos Regulations 2012 / 5 /,2022-05-23 16:38:32.950836,29
46076380/02,Newnham College,15/01/2020,Guilty-Fine,"6,000.00",Control of Asbestos Regulations 2012 / 16 /,2022-05-23 16:38:32.950836,29
45087410/01,Roofing Consultants Ltd,14/01/2020,Guilty-Fine,"100,000.00",Health and Safety At Work Act 1974 / 2 / 1,2022-05-23 16:38:33.229073,30
45087490/01,High Ridge Roofing Solutions Ltd,14/01/2020,Guilty-Fine,"12,000.00",Construction (Design and Management) Regulations 2015 / 15 / 2,2022-05-23 16:38:33.229073,30
45557800/01,Thor Shipping & Transport UK Limited,14/01/2020,Guilty-Fine,"120,000.00",Management of Health & Safety at Work Regulations 1999 / 3 /,2022-05-23 16:38:33.229073,30
45341440/01,Chesterfield Special Cylinders Limited,13/01/2020,Guilty-Fine,"700,000.00",Health and Safety At Work Act 1974 / 2 / 1,2022-05-23 16:38:33.229073,30
45771440/01,B and S BM Ltd,13/01/2020,Guilty-Fine,"11,000.00",Health and Safety At Work Act 1974 / 2 / 1,2022-05-23 16:38:33.229073,30
45771440/02,B and S BM Ltd,13/01/2020,Guilty-Fine,"11,000.00",Health and Safety At Work Act 1974 / 3 / 1,2022-05-23 16:38:33.229073,30
44305800/02,McGee Group Limited,10/01/2020,Guilty-Fine,"500,000.00",Construction (Design & Management) Regulations 2007 / 22 / 1,2022-05-23 16:38:33.229073,30
45006570/01,St Andrew's Tutorial Services Limited,10/01/2020,Guilty-Fine,"30,000.00","Workplace (Health, Safety and Welfare) Regulations / 17 / 1",2022-05-23 16:38:33.229073,30
46008700/01,Lemon Groundwork Solutions Ltd,10/01/2020,Guilty-Fine,"130,000.00",Health and Safety At Work Act 1974 / 2 / 1,2022-05-23 16:38:33.229073,30
45436380/02,Mace Limited,08/01/2020,Guilty-Fine,"400,000.00",Construction (Design and Management) Regulations 2015 / 13 / 1,2022-05-23 16:38:33.229073,30
45849530/01,Harrier LLC,08/01/2020,Guilty-Fine,"98,000.00",Management of Health & Safety at Work Regulations 1999 / 3 /,2022-05-23 16:38:33.498111,31
46037060/01,A.A. Clifton Limited,07/01/2020,Guilty-Fine,"30,000.00",Health and Safety At Work Act 1974 / 2 / 1,2022-05-23 16:38:33.498111,31
45573120/02,Menzies Aviation (UK) Limited,06/01/2020,Guilty-Fine,"181,500.00",Health and Safety At Work Act 1974 / 2 / 1,2022-05-23 16:38:33.498111,31
46034150/01,A U Roofing & Building Services LTD,06/01/2020,Guilty-Fine,"28,800.00",Health and Safety At Work Act 1974 / 2 / 1,2022-05-23 16:38:33.498111,31
46116060/01,William Lee Limited,06/01/2020,Guilty-Fine,"60,000.00",Health and Safety At Work Act 1974 / 2 / 1,2022-05-23 16:38:33.498111,31
46098040/01,LMA Services Limited,20/12/2019,Guilty-Fine,"14,000.00",Dangerous Substances and Explosive Atmospheres Regs 2002 / 6 / 3,2022-05-23 16:38:33.498111,31
45532380/02,Sir Robert McAlpine Limited,18/12/2019,Guilty-Fine,"260,000.00",Health and Safety At Work Act 1974 / 3 / 1,2022-05-23 16:38:33.498111,31
46064570/01,Pearson Property Developments Limited,18/12/2019,Guilty-Fine,"10,000.00",Work at Height Regulations 2005 / 4 /,2022-05-23 16:38:33.498111,31
46064570/02,Pearson Property Developments Limited,18/12/2019,Guilty-Fine,"10,000.00",Work at Height Regulations 2005 / 5 /,2022-05-23 16:38:33.498111,31
46138190/01,M J Fellows (Building Contractors) Ltd,18/12/2019,Guilty-Fine,"36,000.00",Work at Height Regulations 2005 / 4 / 1,2022-05-23 16:38:33.498111,31
46048730/01,Cronite Castings Limited,17/12/2019,Guilty-Fine,"50,000.00",Health and Safety At Work Act 1974 / 2 / 1,2022-05-23 16:38:33.798941,32
45787570/01,Albert Road Recovery and Repair Limited,16/12/2019,Guilty-Fine,"20,000.00",Health and Safety At Work Act 1974 / 2 / 1,2022-05-23 16:38:33.798941,32
45867220/01,Fedex UK Limited,16/12/2019,Guilty-Fine,"533,000.00",Health and Safety At Work Act 1974 / 2 / 1,2022-05-23 16:38:33.798941,32
45921490/01,Plastipack Limited,16/12/2019,Guilty-Fine,"30,000.00",Provision and Use of Work Equip Regs 1998 / 11 / 1,2022-05-23 16:38:33.798941,32
46166760/01,Viking Engineering (Architectural Metalwork) Ltd,13/12/2019,Guilty-Fine,"78,000.00",Health and Safety At Work Act 1974 / 2 / 1,2022-05-23 16:38:33.798941,32
46179550/01,LJM Building Services Limited,12/12/2019,Guilty-Fine,"10,000.00",Work at Height Regulations 2005 / 4 / 1,2022-05-23 16:38:33.798941,32
45965820/01,C J Wildbird Foods Ltd,10/12/2019,Guilty-Fine,"25,170.00",Provision and Use of Work Equip Regs 1998 / 11 / 1,2022-05-23 16:38:33.798941,32
45965820/02,C J Wildbird Foods Ltd,10/12/2019,Guilty-Fine,"25,000.00",Management of Health & Safety at Work Regulations 1999 / 3 / 1,2022-05-23 16:38:33.798941,32
46175070/01,RolBull-Trans Ltd,06/12/2019,Guilty-Fine,"1,833.00",Employers Liability Compulsory Insurance / 1 / 1,2022-05-23 16:38:33.798941,32
45436380/01,Mace Limited,04/12/2019,Guilty-Deferred,0.00,Construction (Design and Management) Regulations 2015 / 13 / 1,2022-05-23 16:38:33.798941,32
45371630/01,Carron Phoenix Limited,03/12/2019,Guilty-Fine,"16,000.00",Provision and Use of Work Equip Regs 1998 / 11 /,2022-05-23 16:38:34.086809,33
45691840/01,Nichol McKay Limited,03/12/2019,Guilty-Fine,"12,000.00",Health and Safety At Work Act 1974 / 2 /,2022-05-23 16:38:34.086809,33
45995980/01,Sulzer Electro Mechanical Services (UK) Limited,29/11/2019,Guilty-Fine,"86,000.00",Health and Safety At Work Act 1974 / 2 / 1,2022-05-23 16:38:34.086809,33
45962630/01,Sirap UK Limited,28/11/2019,Guilty-Fine,"75,000.00",Health and Safety At Work Act 1974 / 2 / 1,2022-05-23 16:38:34.086809,33
45962630/02,Sirap UK Limited,28/11/2019,Guilty-Fine,"75,000.00",Work at Height Regulations 2005 / 10 / 4,2022-05-23 16:38:34.086809,33
46190630/01,Titan MCR Ltd,28/11/2019,Guilty-No Sep Penalty,0.00,Control of Asbestos Regulations 2012 / 6 /,2022-05-23 16:38:34.086809,33
46190630/02,Titan MCR Ltd,28/11/2019,Guilty-No Sep Penalty,0.00,Control of Asbestos Regulations 2012 / 16 /,2022-05-23 16:38:34.086809,33
46190630/03,Titan MCR Ltd,28/11/2019,Guilty-Fine,"4,000.00",Control of Asbestos Regulations 2012 / 11 /,2022-05-23 16:38:34.086809,33
46190670/01,The Greenfield Centre Limited,28/11/2019,Guilty-Fine,"10,000.00",Control of Asbestos Regulations 2012 / 4 /,2022-05-23 16:38:34.086809,33
45386700/01,Light Power GRP Ltd,27/11/2019,Guilty-Fine,"80,000.00",Work at Height Regulations 2005 / 4 / 1,2022-05-23 16:38:34.086809,33
46138040/01,Wincobank Fabrication and Engineering Limited,27/11/2019,Guilty-Fine,"33,500.00",Health and Safety At Work Act 1974 / 2 / 1,2022-05-23 16:38:34.366329,34
46139900/01,Unique Envelope Facade Solutions Limited,27/11/2019,Guilty-Fine,"20,160.00",Electricity at Work / 4 / 3,2022-05-23 16:38:34.366329,34
46155050/01,Thames Water Utilities Limited,27/11/2019,Guilty-Fine,"300,000.00",Confined Spaces Regulations 1997 / 3 /,2022-05-23 16:38:34.366329,34
46098670/01,W.S. Barrett & Son Limited,25/11/2019,Guilty-Fine,"12,000.00",Health and Safety At Work Act 1974 / 33 /,2022-05-23 16:38:34.366329,34
46098670/02,W.S. Barrett & Son Limited,25/11/2019,Guilty-No Sep Penalty,0.00,Health and Safety At Work Act 1974 / 33 /,2022-05-23 16:38:34.366329,34
46098670/03,W.S. Barrett & Son Limited,25/11/2019,Guilty-No Sep Penalty,0.00,Health and Safety At Work Act 1974 / 33 /,2022-05-23 16:38:34.366329,34
46108650/01,James Harrison,21/11/2019,Guilty-Prison Suspended,0.00,Health and Safety At Work Act 1974 / 2 /,2022-05-23 16:38:34.366329,34
46152720/01,All Type Electrical & Building Limited,20/11/2019,Guilty-Fine,"30,000.00",Construction (Design and Management) Regulations 2015 / 15 / 2,2022-05-23 16:38:34.366329,34
46152720/02,All Type Electrical & Building Limited,20/11/2019,Guilty-Fine,"30,000.00",Health and Safety At Work Act 1974 / 33 /,2022-05-23 16:38:34.366329,34
46120800/01,Staveley's Eggs Ltd,19/11/2019,Guilty-Fine,"60,000.00",Health and Safety At Work Act 1974 / 2 /,2022-05-23 16:38:34.366329,34
45588030/01,Rose Builders Ltd,15/11/2019,Guilty-Fine,"225,000.00",Health and Safety At Work Act 1974 / 2 / 1,2022-05-23 16:38:34.830821,35
45511460/01,Places For People Homes Limited,12/11/2019,Guilty-Fine,"600,000.00",Health and Safety At Work Act 1974 / 2 / 1,2022-05-23 16:38:34.830821,35
46025110/01,G&R Groundworks (South East) Ltd,11/11/2019,Guilty-Fine,"32,400.00",Construction (Design and Management) Regulations 2015 / 16 /,2022-05-23 16:38:34.830821,35
46184190/01,Artizan Heating Limited,07/11/2019,Guilty-Fine,"2,500.00",Control of Asbestos Regulations 2012 / 11 /,2022-05-23 16:38:34.830821,35
45426460/01,Nazareth Care Charitable Trust,05/11/2019,Guilty-Fine,"40,000.00",Health and Safety At Work Act 1974 / 3 / 1,2022-05-23 16:38:34.830821,35
46218500/01,The Platform Lift Company Limited,05/11/2019,Guilty-Fine,"6,000.00",Health and Safety At Work Act 1974 / 3 / 1,2022-05-23 16:38:34.830821,35
45648570/01,Rombalds Builders Ltd,04/11/2019,Guilty-Fine,"8,000.00",Health and Safety At Work Act 1974 / 2 / 1,2022-05-23 16:38:34.830821,35
45648570/02,Rombalds Builders Ltd,04/11/2019,Guilty-Fine,"8,000.00",Health and Safety At Work Act 1974 / 3 / 1,2022-05-23 16:38:34.830821,35
45857880/01,Beechdean Farms Limited,04/11/2019,Guilty-Fine,"8,000.00",Health and Safety At Work Act 1974 / 2 / 1,2022-05-23 16:38:34.830821,35
44535290/02,University Of Edinburgh,01/11/2019,Guilty-Fine,"10,000.00",Health and Safety At Work Act 1974 / 2 /,2022-05-23 16:38:34.830821,35
45854190/01,Richard Western Limited,01/11/2019,Guilty-Fine,"50,000.00",Health and Safety At Work Act 1974 / 2 / 1,2022-05-23 16:38:35.855196,36
45855200/01,Foulger Transport Ltd,01/11/2019,Guilty-Compensation/Fine,0.00,"Workplace (Health, Safety and Welfare) Regulations / 17 / 1",2022-05-23 16:38:35.855196,36
45982790/01,Boal UK Ltd,31/10/2019,Guilty-Fine,"133,000.00",Health and Safety At Work Act 1974 / 2 / 1,2022-05-23 16:38:35.855196,36
46069090/01,Brooks Forgings Limited,31/10/2019,Guilty-Fine,"1,500.00",Provision and Use of Work Equip Regs 1998 / 11 / 1,2022-05-23 16:38:35.855196,36
45958940/02,Trojan Construction Management Limited,30/10/2019,Guilty-Fine,"20,000.00",Construction (Design and Management) Regulations 2015 / 19 / 1,2022-05-23 16:38:35.855196,36
46015500/01,Mayfair Developments Group Ltd,30/10/2019,Guilty-Fine,"4,000.00",Health and Safety At Work Act 1974 / 6 /,2022-05-23 16:38:35.855196,36
46117440/01,Stephenson Gobin Limited,30/10/2019,Guilty-Fine,"5,334.00",Provision and Use of Work Equip Regs 1998 / 11 / 1,2022-05-23 16:38:35.855196,36
45421310/02,JRB Roofing Limited,25/10/2019,Guilty-Fine,"13,333.00",Health and Safety At Work Act 1974 / 3 / 1,2022-05-23 16:38:35.855196,36
45723280/01,Stena Line Limited,21/10/2019,Guilty-Fine,"400,000.00",Health and Safety At Work Act 1974 / 2 / 1,2022-05-23 16:38:35.855196,36
45405370/01,Timber Project Solutions Ltd,16/10/2019,Guilty-Fine,"8,000.00",Health and Safety At Work Act 1974 / 2 /,2022-05-23 16:38:35.855196,36
45865010/01,M P Building Limited,16/10/2019,Guilty-Fine,"65,000.00",Health and Safety At Work Act 1974 / 3 / 1,2022-05-23 16:38:36.129250,37
45934640/01,Balmonza Ltd,16/10/2019,Guilty-Fine,0.00,Health and Safety At Work Act 1974 / 3 / 1,2022-05-23 16:38:36.129250,37
46095590/01,Blackstar Handling Systems Ltd,16/10/2019,Guilty-Fine,"20,000.00",Health and Safety At Work Act 1974 / 2 / 1,2022-05-23 16:38:36.129250,37
44424430/01,Mid-UK Recycling Limited,15/10/2019,Guilty-Fine,"1,275,000.00",Health and Safety At Work Act 1974 / 2 / 1,2022-05-23 16:38:36.129250,37
44994920/01,Cambus Limited,11/10/2019,Guilty-Fine,"350,000.00",Health and Safety At Work Act 1974 / 3 / 1,2022-05-23 16:38:36.129250,37
45481790/01,Kerry Ingredients (UK) Limited,10/10/2019,Guilty-Fine,"180,000.00",Health and Safety At Work Act 1974 / 2 / 1,2022-05-23 16:38:36.129250,37
46018470/01,M & M Damproof Co Limited,10/10/2019,Guilty-Fine,"20,000.00",Work at Height Regulations 2005 / 9 / 2,2022-05-23 16:38:36.129250,37
46081960/01,Preston Board and Packaging Limited,10/10/2019,Guilty-Fine,"33,500.00",Health and Safety At Work Act 1974 / 2 / 1,2022-05-23 16:38:36.129250,37
46184190/02,Artizan Heating Limited,10/10/2019,Guilty-Fine,"2,500.00",Control of Asbestos Regulations 2012 / 5 /,2022-05-23 16:38:36.129250,37
45381600/01,Cemex UK Operations Limited,07/10/2019,Guilty-Fine,"1,000,000.00",Health and Safety At Work Act 1974 / 2 /,2022-05-23 16:38:36.129250,37
45444770/01,LW Architectural Glass Limited,07/10/2019,Guilty-Fine,"80,000.00",Health and Safety At Work Act 1974 / 3 / 1,2022-05-23 16:38:36.450477,38
46073930/01,Sheffield Countryside Conservation Trust,07/10/2019,Guilty-Fine,"3,000.00",Health and Safety At Work Act 1974 / 3 / 1,2022-05-23 16:38:36.450477,38
46111390/01,RJW Building Solutions Limited,07/10/2019,Guilty-Fine,"20,000.00",Control of Asbestos Regulations 2012 / 5 /,2022-05-23 16:38:36.450477,38
46111520/01,Hotel 52 (Sea) Limited,07/10/2019,Guilty-Fine,"16,000.00",Health and Safety At Work Act 1974 / 3 / 1,2022-05-23 16:38:36.450477,38
45474960/01,Celsa Manufacturing (UK) Limited,04/10/2019,Guilty-Fine,"1,800,000.00",Management of Health & Safety at Work Regulations 1999 / 3 / 1,2022-05-23 16:38:36.450477,38
46038810/01,Essex Governor Services Limited,04/10/2019,Guilty-Fine,"24,000.00",Health and Safety At Work Act 1974 / 2 / 1,2022-05-23 16:38:36.450477,38
45652020/01,BAM Nuttall Limited,03/10/2019,Guilty-Fine,"600,000.00",Health and Safety At Work Act 1974 / 2 / 1,2022-05-23 16:38:36.450477,38
45877070/01,Masher Brothers Limited,02/10/2019,Guilty-Fine,"50,000.00",Health and Safety At Work Act 1974 / 2 / 1,2022-05-23 16:38:36.450477,38
46025020/01,Hamblett Building Services Limited,02/10/2019,Guilty-Fine,"20,000.00",Work at Height Regulations 2005 / 6 / 3,2022-05-23 16:38:36.450477,38
46043720/01,Stedman Property Consultants Limited,02/10/2019,Guilty-Fine,"13,000.00",Work at Height Regulations 2005 / 9 /,2022-05-23 16:38:36.450477,38
46066920/01,Thompson Contracts Limited,30/09/2019,Guilty-Fine,"22,000.00",Health and Safety At Work Act 1974 / 2 / 1,2022-05-23 16:38:36.774617,39
46101630/01,Vertellus Specialties UK Limited,26/09/2019,Guilty-Fine,"120,000.00",Health and Safety At Work Act 1974 / 2 / 1,2022-05-23 16:38:36.774617,39
45992810/01,SAICA Pack UK Limited,24/09/2019,Guilty-Fine,"60,000.00",Health and Safety At Work Act 1974 / 2 / 1,2022-05-23 16:38:36.774617,39
45744810/01,Mersey Docks And Harbour Company Limited,23/09/2019,Guilty-Fine,"300,000.00",Health and Safety At Work Act 1974 / 3 / 1,2022-05-23 16:38:36.774617,39
45785240/01,E C Drummond (Agriculture) Ltd,23/09/2019,Guilty-Fine,"226,000.00",Health and Safety At Work Act 1974 / 2 / 1,2022-05-23 16:38:36.774617,39
46016910/02,Joshua Noon,17/09/2019,Guilty-Fine,"3,100.00",Health and Safety At Work Act 1974 / 3 /,2022-05-23 16:38:36.774617,39
46032190/01,Weathervane Roofing & Building Limited,16/09/2019,Guilty-Fine,"20,000.00",Work at Height Regulations 2005 / 6 / 3,2022-05-23 16:38:36.774617,39
45527190/01,IODS Pipe Clad Limited,12/09/2019,Guilty-Fine,"60,000.00",Health and Safety At Work Act 1974 / 2 /,2022-05-23 16:38:36.774617,39
46028620/01,A and L Furnishings Limited,12/09/2019,Guilty-Fine,"14,170.00",Provision and Use of Work Equip Regs 1998 / 11 /,2022-05-23 16:38:36.774617,39
44198940/01,BP Exploration Operating Company Limited,11/09/2019,Guilty-Fine,"400,000.00",Control of Major Accident Hazards Regulations 1999 / 4 /,2022-05-23 16:38:36.774617,39
46056500/01,APK Earthmoving Limited,10/09/2019,Guilty-Fine,"10,000.00",Health and Safety At Work Act 1974 / 33 /,2022-05-23 16:38:37.066453,40
45458720/01,P D R Construction Limited,06/09/2019,Guilty-Fine,"225,000.00",Construction (Design and Management) Regulations 2015 / 13 / 1,2022-05-23 16:38:37.066453,40
45458740/01,Metcalfe Roofing and Building Services Limited,06/09/2019,Guilty-Fine,"2,000.00",Work at Height Regulations 2005 / 4 / 1,2022-05-23 16:38:37.066453,40
44406100/01,NHS Greater Glasgow & Clyde,05/09/2019,Guilty-Fine,"70,000.00",Health and Safety At Work Act 1974 / 3 /,2022-05-23 16:38:37.066453,40
45904480/01,Advanced Carpentry (Leicester) Limited,05/09/2019,Guilty-Fine,"53,000.00",Construction (Design and Management) Regulations 2015 / 15 / 2,2022-05-23 16:38:37.066453,40
46052680/01,Superfast Roofing Ltd,04/09/2019,Guilty-Fine,"13,333.00",Work at Height Regulations 2005 / 6 / 3,2022-05-23 16:38:37.066453,40
46052680/02,Superfast Roofing Ltd,04/09/2019,Guilty-Fine,"16,667.00",Work at Height Regulations 2005 / 6 / 3,2022-05-23 16:38:37.066453,40
45346820/01,A&E Forrest CNC Patternmakers Ltd,03/09/2019,Guilty-Fine,"4,000.00",Provision and Use of Work Equip Regs 1998 / 11 /,2022-05-23 16:38:37.066453,40
45801870/01,Siddall & Hilton Products Limited,02/09/2019,Guilty-Fine,0.00,Health and Safety At Work Act 1974 / 2 / 1,2022-05-23 16:38:37.066453,40
46054560/01,Braithwaite Engineers Limited,02/09/2019,Guilty-Fine,"9,400.00",Health and Safety At Work Act 1974 / 2 / 1,2022-05-23 16:38:37.066453,40
44885680/01,Angus Braidwood & Son Limited,30/08/2019,Guilty-Fine,"33,000.00",Provision and Use of Work Equip Regs 1998 / 11 /,2022-05-23 16:38:37.343462,41
44938790/01,Thermatic Scotland Limited,29/08/2019,Guilty-Fine,"1,600.00",Health and Safety At Work Act 1974 / 2 /,2022-05-23 16:38:37.343462,41
44998890/01,Volvo Group UK Limited,22/08/2019,Guilty-Fine,"13,333.33",Health and Safety At Work Act 1974 / 2 /,2022-05-23 16:38:37.343462,41
46028940/01,MD Building Contractors Ltd,16/08/2019,Guilty-Fine,"16,000.00",Gas Safety (Installation and Use) Regulations 1998 / 8 / 3,2022-05-23 16:38:37.343462,41
45956760/01,Sovereign Exhibitions & Events Limited,12/08/2019,Guilty-Fine,"120,000.00",Health and Safety At Work Act 1974 / 2 / 1,2022-05-23 16:38:37.343462,41
45209380/01,Midton Acrylics Limited,08/08/2019,Guilty-Fine,"8,000.00",Health and Safety At Work Act 1974 / 2 /,2022-05-23 16:38:37.343462,41
45983800/05,Thermo Electron Limited,08/08/2019,Guilty-Fine,"20,000.00",Specified Animal Pathogens Order 2008 / 4 /,2022-05-23 16:38:37.343462,41
45983800/06,Thermo Electron Limited,08/08/2019,Guilty-Fine,"20,000.00",Specified Animal Pathogens Order 2008 / 4 /,2022-05-23 16:38:37.343462,41
45923560/01,Navkaar Ltd,07/08/2019,Guilty-Fine,"35,000.00",Construction (Design and Management) Regulations 2015 / 13 / 1,2022-05-23 16:38:37.343462,41
46024180/01,Solar UK Limited,07/08/2019,Guilty-Fine,"5,000.00",Work at Height Regulations 2005 / 4 /,2022-05-23 16:38:37.343462,41
45246690/01,James Durrans & Sons Limited,06/08/2019,Guilty-Fine,"100,000.00",Health and Safety At Work Act 1974 / 3 / 1,2022-05-23 16:38:37.648591,42
45246830/01,Kingswinford Engineering Company Limited,06/08/2019,Guilty-Fine,"18,000.00",Health and Safety At Work Act 1974 / 2 / 1,2022-05-23 16:38:37.648591,42
44977160/01,Clancy Docwra Limited,02/08/2019,Guilty-Fine,"1,000,000.00",Health and Safety At Work Act 1974 / 3 / 1,2022-05-23 16:38:37.648591,42
45587140/01,Celtic Rock Services Limited,01/08/2019,Guilty-Fine,"36,667.00",Health and Safety At Work Act 1974 / 2 /,2022-05-23 16:38:37.648591,42
45721510/01,NPS Worldwide --UK Limited,01/08/2019,Guilty-Fine,0.00,Health and Safety At Work Act 1974 / 2 / 1,2022-05-23 16:38:37.648591,42
45721510/02,NPS Worldwide --UK Limited,01/08/2019,Guilty-Fine,"14,000.00",Health & Safety (First Aid) / 3 / 2,2022-05-23 16:38:37.648591,42
45721510/03,NPS Worldwide --UK Limited,01/08/2019,Guilty-Fine,"14,000.00",Health and Safety At Work Act 1974 / 3 / 1,2022-05-23 16:38:37.648591,42
45807480/01,Trend Build Construction Ltd,30/07/2019,Guilty-Fine,"40,000.00",Work at Height Regulations 2005 / 6 / 3,2022-05-23 16:38:37.648591,42
45832670/01,Wrapp Recycling Ltd,30/07/2019,Guilty-Fine,"13,000.00",Health and Safety At Work Act 1974 / 2 / 1,2022-05-23 16:38:37.648591,42
45792410/01,Zamperoni Fratelli s.r.l,29/07/2019,Guilty-Fine,"54,000.00",Health and Safety At Work Act 1974 / 2 / 1,2022-05-23 16:38:37.648591,42
45792410/02,Zamperoni Fratelli s.r.l,29/07/2019,Guilty-No Sep Penalty,0.00,Health and Safety At Work Act 1974 / 3 / 1,2022-05-23 16:38:37.919925,43
45984140/01,RSM Castings Limited,29/07/2019,Guilty-Fine,"32,000.00",Provision and Use of Work Equip Regs 1998 / 11 /,2022-05-23 16:38:37.919925,43
45194510/01,Hanson Quarry Products Europe Limited,25/07/2019,Guilty-Fine,"400,000.00",Lifting Operations and Lifting Equipment Regulations 1998 / 8 / 1,2022-05-23 16:38:37.919925,43
45707690/01,Advanced Roofing Limited,25/07/2019,Guilty-Fine,"29,300.00",Work at Height Regulations 2005 / 4 / 3,2022-05-23 16:38:37.919925,43
45707840/01,Bowmer and Kirkland Limited,25/07/2019,Guilty-Fine,"350,000.00",Work at Height Regulations 2005 / 4 / 3,2022-05-23 16:38:37.919925,43
45707890/01,J.K.W. Roofing Services Ltd,25/07/2019,Guilty-Conditional Discharge/S42Or,0.00,Work at Height Regulations 2005 / 4 / 3,2022-05-23 16:38:37.919925,43
45651750/01,Land Engineering Scotland Ltd,24/07/2019,Guilty-Fine,"38,000.00",Health and Safety At Work Act 1974 / 3 /,2022-05-23 16:38:37.919925,43
45959840/01,EGP Building Services Ltd,24/07/2019,Guilty-Fine,"280,000.00",Health and Safety At Work Act 1974 / 3 / 1,2022-05-23 16:38:37.919925,43
45879830/01,Trumax Building Ltd,23/07/2019,Guilty-Fine,"10,000.00",Work at Height Regulations 2005 / 6 / 3,2022-05-23 16:38:37.919925,43
45600400/01,STS Constructions Limited,21/07/2019,Guilty-Fine,"26,666.00",Work at Height Regulations 2005 / 6 / 3,2022-05-23 16:38:37.919925,43
45776720/01,Minteq UK Limited,19/07/2019,Guilty-Other,0.00,Health and Safety At Work Act 1974 / 3 / 1,2022-05-23 16:38:38.246094,44
45776720/02,Minteq UK Limited,19/07/2019,Guilty-Fine,"200,000.00",Health and Safety At Work Act 1974 / 2 / 1,2022-05-23 16:38:38.246094,44
45779690/05,CDF Properties Investment Ltd,18/07/2019,Guilty-Fine,"80,000.00",Work at Height Regulations 2005 / 4 /,2022-05-23 16:38:38.246094,44
45450760/01,The Solid Surface Shop UK Limited,16/07/2019,Guilty-No Sep Penalty,0.00,Health and Safety At Work Act 1974 / 2 / 1,2022-05-23 16:38:38.246094,44
45450760/02,The Solid Surface Shop UK Limited,16/07/2019,Guilty-No Sep Penalty,0.00,Health and Safety At Work Act 1974 / 2 / 1,2022-05-23 16:38:38.246094,44
45450760/03,The Solid Surface Shop UK Limited,16/07/2019,Guilty-No Sep Penalty,0.00,Health and Safety At Work Act 1974 / 2 / 1,2022-05-23 16:38:38.246094,44
45450760/04,The Solid Surface Shop UK Limited,16/07/2019,Guilty-No Sep Penalty,0.00,Health and Safety At Work Act 1974 / 2 / 1,2022-05-23 16:38:38.246094,44
45450760/05,The Solid Surface Shop UK Limited,16/07/2019,Guilty-No Sep Penalty,0.00,Health and Safety At Work Act 1974 / 2 / 1,2022-05-23 16:38:38.246094,44
45450760/06,The Solid Surface Shop UK Limited,16/07/2019,Guilty-Fine,"10,000.00",Health and Safety At Work Act 1974 / 21 /,2022-05-23 16:38:38.246094,44
45709690/01,Betafence Limited,16/07/2019,Guilty-Fine,"80,000.00",Health and Safety At Work Act 1974 / 2 / 1,2022-05-23 16:38:38.246094,44
45790310/01,Cardiff and Vale University Health Board,16/07/2019,Guilty-Fine,"400,000.00",Health and Safety At Work Act 1974 / 3 / 1,2022-05-23 16:38:38.530268,45
45947010/01,R & S Builders (MCR) Ltd,16/07/2019,Guilty-Fine,"4,000.00",Construction (Design and Management) Regulations 2015 / 13 / 4,2022-05-23 16:38:38.530268,45
45947010/02,R & S Builders (MCR) Ltd,16/07/2019,Guilty-Fine,"4,000.00",Health and Safety At Work Act 1974 / 21 /,2022-05-23 16:38:38.530268,45
46021320/01,Pinexpress Limited,16/07/2019,Guilty-Fine,"35,000.00",Employers Liability Compulsory Insurance / 1 /,2022-05-23 16:38:38.530268,45
46021320/02,Pinexpress Limited,16/07/2019,Guilty-Fine,0.00,Employers Liability Compulsory Insurance / 4 /,2022-05-23 16:38:38.530268,45
45710870/01,Jenkins Shipping Company Limited,12/07/2019,Guilty-Fine,"30,000.00",Health and Safety At Work Act 1974 / 3 / 1,2022-05-23 16:38:38.530268,45
45710870/02,Jenkins Shipping Company Limited,12/07/2019,Guilty-No Sep Penalty,0.00,Health and Safety At Work Act 1974 / 2 / 1,2022-05-23 16:38:38.530268,45
45963440/01,Leyton Group Ltd,10/07/2019,Guilty-Fine,"14,000.00",Lifting Operations and Lifting Equipment Regulations 1998 / 8 / 1,2022-05-23 16:38:38.530268,45
45923920/01,Playscape Design Ltd,09/07/2019,Guilty-Fine,"10,000.00",Control of Substances Hazardous to Health Regs 2002 / 7 / 1,2022-05-23 16:38:38.530268,45
45923920/02,Playscape Design Ltd,09/07/2019,Guilty-Fine,"10,000.00",Health and Safety At Work Act 1974 / 2 / 1,2022-05-23 16:38:38.530268,45
45766560/01,Irish Anglo Properties Limited,05/07/2019,Guilty-Fine,"10,000.00",Construction (Design and Management) Regulations 2015 / 29 /,2022-05-23 16:38:38.801454,46
45766560/02,Irish Anglo Properties Limited,05/07/2019,Guilty-Fine,"16,000.00",Work at Height Regulations 2005 / 6 / 3,2022-05-23 16:38:38.801454,46
45933630/01,Wheelnut Ltd,03/07/2019,Guilty-Fine,"32,000.00",Health and Safety At Work Act 1974 / 2 / 1,2022-05-23 16:38:38.801454,46
45970230/01,Construction 360 Ltd,03/07/2019,Guilty-Fine,"15,000.00",Health and Safety At Work Act 1974 / 2 / 1,2022-05-23 16:38:38.801454,46
45597000/01,Cheshire Mouldings & Woodturnings Limited,02/07/2019,Guilty-Fine,"233,333.00",Health and Safety At Work Act 1974 / 2 / 1,2022-05-23 16:38:38.801454,46
45597000/02,Cheshire Mouldings & Woodturnings Limited,02/07/2019,Guilty-Fine,"233,333.00",Health and Safety At Work Act 1974 / 3 / 1,2022-05-23 16:38:38.801454,46
45877020/01,Clear Property Solutions (SY) Limited,02/07/2019,Guilty-Fine,"30,000.00",Work at Height Regulations 2005 / 6 / 3,2022-05-23 16:38:38.801454,46
45929890/01,G O'Brien & Sons (Nationwide Demolition Contractor,02/07/2019,Guilty-Fine,"3,000.00",Construction (Design and Management) Regulations 2015 / 20 / 1,2022-05-23 16:38:38.801454,46
45792380/01,Bifrangi UK Ltd,01/07/2019,Guilty-Fine,"140,000.00",Health and Safety At Work Act 1974 / 2 / 1,2022-05-23 16:38:38.801454,46
45792380/02,Bifrangi UK Ltd,01/07/2019,Guilty-No Sep Penalty,0.00,Health and Safety At Work Act 1974 / 3 / 1,2022-05-23 16:38:38.801454,46
45825550/03,Enava Limited,28/06/2019,Guilty-Fine,"4,000.00","Reporting of Injuries, Diseases and Dangerous Occurrences Regulations 2013 / 4 /",2022-05-23 16:38:39.081681,47
45825550/04,Enava Limited,28/06/2019,Guilty-Fine,"21,333.00",Health and Safety At Work Act 1974 / 2 /,2022-05-23 16:38:39.081681,47
45836760/01,Cedar Ridge Construction Limited,28/06/2019,Guilty-Fine,"40,000.00",Work at Height Regulations 2005 / 4 / 1,2022-05-23 16:38:39.081681,47
45836960/01,Turnkey Contractors Ltd,28/06/2019,Guilty-Fine,"40,000.00",Health and Safety At Work Act 1974 / 3 / 1,2022-05-23 16:38:39.081681,47
45819000/01,Airworld Airlines Ltd,26/06/2019,Guilty-Fine,"82,000.00",Health and Safety At Work Act 1974 / 2 / 1,2022-05-23 16:38:39.081681,47
45595340/01,Nene Milling Company Limited,20/06/2019,Guilty-Fine,"5,000.00",Health and Safety At Work Act 1974 / 2 / 1,2022-05-23 16:38:39.081681,47
45175300/01,Camgrain Stores Ltd,19/06/2019,Guilty-Fine,"180,000.00",Health and Safety At Work Act 1974 / 2 / 1,2022-05-23 16:38:39.081681,47
45758590/01,McDonald Roofing Contractors Limited,19/06/2019,Guilty-Fine,"30,000.00",Work at Height Regulations 2005 / 4 / 1,2022-05-23 16:38:39.081681,47
45570180/01,G O'Donnell Stone Masonry Ltd,12/06/2019,Guilty-Fine,"8,000.00",Health and Safety At Work Act 1974 / 2 / 1,2022-05-23 16:38:39.081681,47
44923530/02,New Space Limited,11/06/2019,Guilty-Fine,0.00,Construction (Design and Management) Regulations 2015 / 12 / 1,2022-05-23 16:38:39.081681,47
45728300/01,BS Graves Electrical Limited,10/06/2019,Guilty-Fine,"25,000.00",Health and Safety At Work Act 1974 / 3 /,2022-05-23 16:38:39.355480,48
45775840/01,Mademoiselle Desserts Corby Limited,10/06/2019,Guilty-Fine,"36,000.00",Health and Safety At Work Act 1974 / 2 /,2022-05-23 16:38:39.355480,48
45528680/01,National Grid Electricity Transmission Plc,07/06/2019,Guilty-Fine,"334,000.00",Health and Safety At Work Act 1974 / 2 / 1,2022-05-23 16:38:39.355480,48
45660480/01,Sandwell Roofing Limited,07/06/2019,Guilty-Fine,"41,125.00",Health and Safety At Work Act 1974 / 3 / 1,2022-05-23 16:38:39.355480,48
45098530/01,B & A Contracts Limited,06/06/2019,Guilty-Fine,"60,000.00",Health and Safety At Work Act 1974 / 3 / 1,2022-05-23 16:38:39.355480,48
45098530/02,B & A Contracts Limited,06/06/2019,Guilty-Fine,"60,000.00",Health and Safety At Work Act 1974 / 2 / 1,2022-05-23 16:38:39.355480,48
45098710/01,Valero Energy UK Ltd,06/06/2019,Guilty-Fine,"2,500,000.00",Health and Safety At Work Act 1974 / 2 / 1,2022-05-23 16:38:39.355480,48
45098710/02,Valero Energy UK Ltd,06/06/2019,Guilty-Fine,"2,500,000.00",Health and Safety At Work Act 1974 / 3 / 1,2022-05-23 16:38:39.355480,48
45492190/01,MJB Excavation & Plant Hire Ltd,05/06/2019,Guilty-Fine,"33,350.00",Health and Safety At Work Act 1974 / 2 / 1,2022-05-23 16:38:39.355480,48
45830640/01,Tesla Engineering Limited,05/06/2019,Guilty-Fine,"400,000.00",Health and Safety At Work Act 1974 / 2 / 1,2022-05-23 16:38:39.355480,48
45876630/01,Chigwell Access Scaffolding Ltd,05/06/2019,Guilty-Fine,"20,000.00",Construction (Design and Management) Regulations 2015 / 19 /,2022-05-23 16:38:39.848114,49
45886240/01,Central London Lofts Ltd,05/06/2019,Guilty-Fine,"160,000.00",Construction (Design and Management) Regulations 2015 / 15 / 2,2022-05-23 16:38:39.848114,49
45097880/03,Fishers Services Limited,04/06/2019,Guilty-Fine,"11,500.00",Provision and Use of Work Equip Regs 1998 / 11 /,2022-05-23 16:38:39.848114,49
45737830/01,British Ceramic Tile Ltd,04/06/2019,Guilty-Fine,100.00,Provision and Use of Work Equip Regs 1998 / 11 / 1,2022-05-23 16:38:39.848114,49
44957350/01,Rowecord Total Access Limited,03/06/2019,Guilty-Fine,"9,600.00",Health and Safety At Work Act 1974 / 2 / 1,2022-05-23 16:38:39.848114,49
45841000/01,Green Generation Renewable Services Ltd,30/05/2019,Guilty-Fine,"20,000.00",Construction (Design and Management) Regulations 2015 / 15 / 2,2022-05-23 16:38:39.848114,49
45546030/03,Sherwood Homes Limited,29/05/2019,Guilty-Fine,"170,000.00",Construction (Design and Management) Regulations 2015 / 4 / 1,2022-05-23 16:38:39.848114,49
45710890/01,J L Engineering( Rixton) Limited,29/05/2019,Guilty-Fine,"22,000.00",Health and Safety At Work Act 1974 / 2 / 1,2022-05-23 16:38:39.848114,49
45167340/01,R. W. Hill (Felixstowe) Limited,24/05/2019,Guilty-Fine,"7,500.00",Construction (Design and Management) Regulations 2015 / 15 / 8,2022-05-23 16:38:39.848114,49
45167340/02,R. W. Hill (Felixstowe) Limited,24/05/2019,Guilty-Fine,"7,500.00",Construction (Design and Management) Regulations 2015 / 15 / 2,2022-05-23 16:38:39.848114,49
